INSERT INTO tbl_user_mst (user_seq, user_account, user_encoded_password, user_name, user_locale, user_timezone, user_timezone_offset, user_currency, user_sub_menu_role, enter_date, enter_user, update_date, update_user) VALUES (1, 'user01', 'ce5f8d0c5790bf82e9b253d362feb51ba02853301ae24149b260bd30acb00f1b2a0d8b18bbff97a9', 'テストユーザ０１', 'ja-JP', 'Asia/Tokyo', '+0900', 'JPY', 'normal', '2020-01-01 00:00:00.000', 'system', '2020-01-01 00:00:00.000', 'system');
INSERT INTO tbl_user_mst (user_seq, user_account, user_encoded_password, user_name, user_locale, user_timezone, user_timezone_offset, user_currency, user_sub_menu_role, enter_date, enter_user, update_date, update_user) VALUES (2, 'user02', 'ce5f8d0c5790bf82e9b253d362feb51ba02853301ae24149b260bd30acb00f1b2a0d8b18bbff97a9', 'TEST_USER02', 'en-US', 'America/Los_Angeles', '-0800' ,'USD', 'normal', '2020-01-01 00:00:00.000', 'system', '2020-01-01 00:00:00.000', 'system');
INSERT INTO tbl_user_mst (user_seq, user_account, user_encoded_password, user_name, user_locale, user_timezone, user_timezone_offset, user_currency, user_sub_menu_role, enter_date, enter_user, update_date, update_user) VALUES (3, 'user99', 'ce5f8d0c5790bf82e9b253d362feb51ba02853301ae24149b260bd30acb00f1b2a0d8b18bbff97a9', '管理者ユーザ', 'ja-JP', 'Asia/Tokyo', '+0900', 'JPY', 'all', '2020-01-01 00:00:00.000', 'system', '2020-01-01 00:00:00.000', 'system');

INSERT INTO tbl_menu_mst (menu_seq, menu_code, menu_order, enter_date, enter_user, update_date, update_user) VALUES (1, 'purchase', 1, '2020-01-01 00:00:00.000', 'system', '2020-01-01 00:00:00.000', 'system');
INSERT INTO tbl_menu_mst (menu_seq, menu_code, menu_order, enter_date, enter_user, update_date, update_user) VALUES (2, 'product', 2, '2020-01-01 00:00:00.000', 'system', '2020-01-01 00:00:00.000', 'system');
INSERT INTO tbl_menu_mst (menu_seq, menu_code, menu_order, enter_date, enter_user, update_date, update_user) VALUES (3, 'stock', 3, '2020-01-01 00:00:00.000', 'system', '2020-01-01 00:00:00.000', 'system');

INSERT INTO tbl_page_role_mst (page_role_seq, page_code, page_role, menu_display, menu_seq, menu_order, enter_date, enter_user, update_date, update_user) VALUES (1, 'purchase-history-listing', 'all', TRUE, 1, 1, '2020-01-01 00:00:00.000', 'system', '2020-01-01 00:00:00.000', 'system');
INSERT INTO tbl_page_role_mst (page_role_seq, page_code, page_role, menu_display, menu_seq, menu_order, enter_date, enter_user, update_date, update_user) VALUES (2, 'dummy-purchasing', 'all', TRUE, 1, 2, '2020-01-01 00:00:00.000', 'system', '2020-01-01 00:00:00.000', 'system');
INSERT INTO tbl_page_role_mst (page_role_seq, page_code, page_role, menu_display, menu_seq, menu_order, enter_date, enter_user, update_date, update_user) VALUES (3, 'product-listing', 'all', TRUE, 2, 3, '2020-01-01 00:00:00.000', 'system', '2020-01-01 00:00:00.000', 'system');
INSERT INTO tbl_page_role_mst (page_role_seq, page_code, page_role, menu_display, menu_seq, menu_order, enter_date, enter_user, update_date, update_user) VALUES (4, 'product-registering', 'all', false, NULL, NULL, '2020-01-01 00:00:00.000', 'system', '2020-01-01 00:00:00.000', 'system');
INSERT INTO tbl_page_role_mst (page_role_seq, page_code, page_role, menu_display, menu_seq, menu_order, enter_date, enter_user, update_date, update_user) VALUES (5, 'stock-registering', 'all', TRUE, 3, 4, '2020-01-01 00:00:00.000', 'system', '2020-01-01 00:00:00.000', 'system');
INSERT INTO tbl_page_role_mst (page_role_seq, page_code, page_role, menu_display, menu_seq, menu_order, enter_date, enter_user, update_date, update_user) VALUES (6, 'purchase-history-listing', 'normal', TRUE, 1, 1, '2020-01-01 00:00:00.000', 'system', '2020-01-01 00:00:00.000', 'system');
INSERT INTO tbl_page_role_mst (page_role_seq, page_code, page_role, menu_display, menu_seq, menu_order, enter_date, enter_user, update_date, update_user) VALUES (7, 'product-listing', 'normal', TRUE, 2, 2, '2020-01-01 00:00:00.000', 'system', '2020-01-01 00:00:00.000', 'system');
INSERT INTO tbl_page_role_mst (page_role_seq, page_code, page_role, menu_display, menu_seq, menu_order, enter_date, enter_user, update_date, update_user) VALUES (8, 'product-registering', 'normal', false, NULL, NULL, '2020-01-01 00:00:00.000', 'system', '2020-01-01 00:00:00.000', 'system');
INSERT INTO tbl_page_role_mst (page_role_seq, page_code, page_role, menu_display, menu_seq, menu_order, enter_date, enter_user, update_date, update_user) VALUES (9, 'stock-registering', 'normal', TRUE, 3, 3, '2020-01-01 00:00:00.000', 'system', '2020-01-01 00:00:00.000', 'system');

INSERT INTO tbl_product_mst (product_seq, product_code, product_name, product_genre, product_size_standard, product_color, product_unit_price, end_of_sale, end_of_sale_date, enter_date, enter_user, update_date, update_user) VALUES (1, 'ABCD123', '花柄のスニーカー', '1', '24,25,26,27cm', '花柄', 2500, FALSE, NULL,'2020-01-01 00:00:00.000', 'テストユーザ０１', '2020-01-01 00:00:00.000', 'テストユーザ０１');
INSERT INTO tbl_product_mst (product_seq, product_code, product_name, product_genre, product_size_standard, product_color, product_unit_price, end_of_sale, end_of_sale_date, enter_date, enter_user, update_date, update_user) VALUES (2, 'ABCD456', '男性革靴', '1', '25,26,27,28cm', '茶', 12800, FALSE, NULL,'2020-01-01 00:00:00.000', 'テストユーザ０１', '2020-01-01 00:00:00.000', 'テストユーザ０１');
INSERT INTO tbl_product_mst (product_seq, product_code, product_name, product_genre, product_size_standard, product_color, product_unit_price, end_of_sale, end_of_sale_date, enter_date, enter_user, update_date, update_user) VALUES (3, 'XYZ0123', 'カバン', '3', 'フリー', '茶', 8800, FALSE, NULL,'2020-01-01 00:00:00.000', 'テストユーザ０１', '2020-01-01 00:00:00.000', 'テストユーザ０１');
INSERT INTO tbl_product_mst (product_seq, product_code, product_name, product_genre, product_size_standard, product_color, product_unit_price, end_of_sale, end_of_sale_date, enter_date, enter_user, update_date, update_user) VALUES (4, 'ABCD654', 'セーター', '2', 'S/M/L', 'グレー', 7800, FALSE, NULL,'2020-01-01 00:00:00.000', 'テストユーザ０１', '2020-01-01 00:00:00.000', 'テストユーザ０１');
INSERT INTO tbl_product_mst (product_seq, product_code, product_name, product_genre, product_size_standard, product_color, product_unit_price, end_of_sale, end_of_sale_date, enter_date, enter_user, update_date, update_user) VALUES (5, 'XYZ3210', 'ビジネスバッグ', '3', '30×70cm', '黒/茶', 24000, FALSE, NULL,'2020-01-01 00:00:00.000', 'テストユーザ０１', '2020-01-01 00:00:00.000', 'テストユーザ０１');

INSERT INTO tbl_product_stock_mst (product_stock_seq, product_seq, product_stock_quantity, enter_date, enter_user, update_date, update_user) VALUES (1, 1, 500, '2020-01-01 00:00:00.000', 'テストユーザ０２', '2020-01-01 00:00:00.000', 'テストユーザ０２');
INSERT INTO tbl_product_stock_mst (product_stock_seq, product_seq, product_stock_quantity, enter_date, enter_user, update_date, update_user) VALUES (2, 2, 100, '2020-01-01 00:00:00.000', 'テストユーザ０２', '2020-01-01 00:00:00.000', 'テストユーザ０２');
INSERT INTO tbl_product_stock_mst (product_stock_seq, product_seq, product_stock_quantity, enter_date, enter_user, update_date, update_user) VALUES (3, 3, 200, '2020-01-01 00:00:00.000', 'テストユーザ０２', '2020-01-01 00:00:00.000', 'テストユーザ０２');
INSERT INTO tbl_product_stock_mst (product_stock_seq, product_seq, product_stock_quantity, enter_date, enter_user, update_date, update_user) VALUES (4, 4, 300, '2020-01-01 00:00:00.000', 'テストユーザ０２', '2020-01-01 00:00:00.000', 'テストユーザ０２');
INSERT INTO tbl_product_stock_mst (product_stock_seq, product_seq, product_stock_quantity, enter_date, enter_user, update_date, update_user) VALUES (5, 5, 400, '2020-01-01 00:00:00.000', 'テストユーザ０２', '2020-01-01 00:00:00.000', 'テストユーザ０２');
